Date,Open,High,Low,Close
2013-01-02,142.619,146.243,142.619,146.242
2013-01-03,146.242,146.547,145.553,145.937
2013-01-04,145.937,146.794,145.899,146.647
2013-01-07,146.647,146.647,145.662,146.189
2013-01-08,146.189,146.189,145.164,145.715
2013-01-09,145.715,146.473,145.715,146.102
2013-01-10,146.102,147.230,146.102,147.212
2013-01-11,147.212,147.275,146.758,147.205
2013-01-14,147.205,147.205,146.569,147.068
2013-01-15,147.067,147.331,146.376,147.234
2013-01-16,147.233,147.396,146.760,147.263
2013-01-17,147.263,148.516,147.263,148.094
2013-01-18,148.095,148.598,147.581,148.598
2013-01-22,148.598,149.256,148.116,149.256
2013-01-23,149.256,149.613,148.990,149.481
2013-01-24,149.481,150.227,148.946,149.482
2013-01-25,149.482,150.326,149.482,150.296
2013-01-28,150.296,150.323,149.633,150.018
2013-01-29,150.018,150.935,149.809,150.784
2013-01-30,150.784,150.994,150.011,150.196
2013-01-31,150.196,150.419,149.676,149.811
2013-02-01,149.811,151.441,149.811,151.317
2013-02-04,151.317,151.317,149.502,149.571
2013-02-05,149.571,151.496,149.571,151.129
2013-02-06,151.129,151.253,150.471,151.212
2013-02-07,151.212,151.290,149.849,150.939
2013-02-08,150.939,151.831,150.939,151.793
2013-02-11,151.793,151.831,151.361,151.701
2013-02-12,151.701,152.229,151.561,151.943
2013-02-13,151.943,152.469,151.593,152.033
2013-02-14,152.033,152.314,151.402,152.138
2013-02-15,152.138,152.424,151.414,151.979
2013-02-19,151.979,153.094,151.979,153.094
2013-02-20,153.094,153.094,151.141,151.195
2013-02-21,151.195,151.195,149.729,150.242
2013-02-22,150.242,151.564,150.242,151.560
2013-02-25,151.560,152.584,148.785,148.785
2013-02-26,148.785,149.899,148.501,149.694
2013-02-27,149.694,152.008,149.488,151.599
2013-02-28,151.599,152.534,151.446,151.468
2013-03-01,151.468,151.999,150.148,151.820
2013-03-04,151.820,152.527,151.229,152.520
2013-03-05,152.520,154.347,152.520,153.979
2013-03-06,153.979,154.525,153.811,154.146
2013-03-07,154.146,154.578,154.146,154.426
2013-03-08,154.426,155.248,154.294,155.118
2013-03-11,155.115,155.627,154.736,155.622
2013-03-12,155.622,155.677,154.824,155.248
2013-03-13,155.248,155.639,154.825,155.452
2013-03-14,155.452,156.332,155.452,156.323
2013-03-15,156.321,156.362,155.574,156.070
2013-03-18,156.070,156.070,154.513,155.210
2013-03-19,155.210,155.725,153.857,154.834
2013-03-20,154.834,156.156,154.834,155.871
2013-03-21,155.871,155.871,154.355,154.580
2013-03-22,154.590,155.774,154.590,155.689
2013-03-25,155.689,156.491,154.622,155.169
2013-03-26,155.169,156.395,155.169,156.377
2013-03-27,156.375,156.407,155.190,156.285
2013-03-28,156.286,157.028,156.108,156.919
2013-04-01,156.918,157.057,155.847,156.217
2013-04-02,156.217,157.366,156.217,157.025
2013-04-03,157.025,157.147,154.980,155.369
2013-04-04,155.369,156.260,155.252,155.998
2013-04-05,155.998,155.998,153.950,155.328
2013-04-08,155.326,156.307,154.863,156.307
2013-04-09,156.311,157.389,156.092,156.861
2013-04-10,156.861,158.907,156.861,158.773
2013-04-11,158.773,159.735,158.617,159.337
2013-04-12,159.330,159.330,157.997,158.885
2013-04-15,158.884,158.884,155.228,155.236
2013-04-16,155.236,157.535,155.236,157.457
2013-04-17,157.457,157.457,154.369,155.201
2013-04-18,155.203,155.438,153.603,154.161
2013-04-19,154.161,155.589,153.940,155.525
2013-04-22,155.525,156.555,154.819,156.250
2013-04-23,156.250,157.958,156.250,157.878
2013-04-24,157.878,158.300,157.580,157.879
2013-04-25,157.893,159.264,157.893,158.516
2013-04-26,158.516,158.578,157.756,158.224
2013-04-29,158.234,159.665,158.234,159.361
2013-04-30,159.358,159.757,158.650,159.757
2013-05-01,159.755,159.755,158.128,158.270
2013-05-02,158.277,159.860,158.277,159.759
2013-05-03,159.760,161.846,159.760,161.442
2013-05-06,161.440,161.977,161.421,161.750
2013-05-07,161.755,162.603,161.664,162.596
2013-05-08,162.595,163.278,162.270,163.269
2013-05-09,163.269,163.501,162.309,162.667
2013-05-10,162.669,163.370,162.371,163.370
2013-05-13,163.210,163.600,162.674,163.377
2013-05-14,163.375,165.110,163.375,165.034
2013-05-15,164.913,166.149,164.668,165.878
2013-05-16,165.807,166.051,164.860,165.047
2013-05-17,165.245,166.747,165.245,166.747
2013-05-20,166.571,167.284,166.352,166.629
2013-05-21,166.620,167.493,166.267,166.916
2013-05-22,166.939,168.718,164.886,165.535
2013-05-23,165.162,165.550,163.553,165.051
2013-05-24,164.667,164.978,163.688,164.960
2013-05-28,165.263,167.421,165.263,166.006
2013-05-29,165.657,165.657,164.005,164.836
2013-05-30,164.914,166.191,164.861,165.441
2013-05-31,165.213,165.899,163.074,163.074
2013-06-03,163.171,164.042,162.272,164.042
2013-06-04,164.073,164.653,162.362,163.138
2013-06-05,162.905,162.931,160.709,160.890
2013-06-06,160.929,162.256,159.823,162.256
2013-06-07,162.527,164.440,162.527,164.338
2013-06-10,164.467,164.869,163.926,164.281
2013-06-11,163.864,164.013,162.292,162.613
2013-06-12,162.994,163.771,161.092,161.252
2013-06-13,161.215,163.925,160.807,163.636
2013-06-14,163.552,164.080,162.396,162.673
2013-06-17,163.064,164.650,163.034,163.904
2013-06-18,163.977,165.419,163.977,165.181
2013-06-19,165.183,165.245,162.891,162.893
2013-06-20,162.462,162.462,158.432,158.819
2013-06-21,158.862,159.919,157.770,159.243
2013-06-24,158.877,158.877,156.033,157.309
2013-06-25,157.752,159.379,157.709,158.803
2013-06-26,159.227,160.683,159.227,160.326
2013-06-27,160.644,162.007,160.644,161.320
2013-06-28,161.112,161.594,160.106,160.628
2013-07-01,160.978,162.661,160.978,161.496
2013-07-02,161.429,162.426,160.677,161.408
2013-07-03,161.148,161.897,160.457,161.541
2013-07-05,161.865,163.207,161.471,163.189
2013-07-08,163.420,164.468,163.420,164.046
2013-07-09,164.289,165.418,164.289,165.232
2013-07-10,165.156,165.792,164.766,165.262
2013-07-11,165.741,167.663,165.741,167.502
2013-07-12,167.526,168.019,167.233,168.019
2013-07-15,167.959,168.451,167.789,168.250
2013-07-16,168.270,168.373,167.184,167.626
2013-07-17,167.791,168.475,167.791,168.091
2013-07-18,168.105,169.312,168.105,168.937
2013-07-19,168.615,169.209,168.408,169.209
2013-07-22,169.441,169.761,169.067,169.553
2013-07-23,169.663,169.878,169.113,169.239
2013-07-24,169.606,169.838,168.257,168.594
2013-07-25,168.521,169.094,168.007,169.025
2013-07-26,168.731,169.185,167.603,169.165
2013-07-29,169.032,169.092,168.186,168.533
2013-07-30,168.792,169.319,168.242,168.596
2013-07-31,168.776,169.843,168.494,168.573
2013-08-01,168.942,170.785,168.942,170.687
2013-08-02,170.610,170.967,170.068,170.967
2013-08-05,170.801,170.924,170.355,170.714
2013-08-06,170.579,170.579,169.329,169.737
2013-08-07,169.530,169.530,168.491,169.091
2013-08-08,169.335,170.018,168.838,169.748
2013-08-09,169.610,169.942,168.602,169.142
2013-08-12,168.837,169.149,168.335,168.947
2013-08-13,169.065,169.681,168.262,169.416
2013-08-14,169.388,169.552,168.483,168.539
2013-08-15,167.961,167.961,165.859,166.132
2013-08-16,166.122,166.360,165.261,165.583
2013-08-19,165.525,165.918,164.584,164.606
2013-08-20,164.681,165.892,164.608,165.235
2013-08-21,165.066,165.699,163.943,164.280
2013-08-22,164.503,165.955,164.503,165.696
2013-08-23,165.992,166.485,165.481,166.350
2013-08-26,166.429,166.951,165.602,165.678
2013-08-27,165.254,165.254,162.905,163.048
2013-08-28,163.025,164.118,162.747,163.496
2013-08-29,163.350,164.641,163.088,163.817
2013-08-30,163.889,164.008,162.805,163.297
2013-09-03,163.595,165.135,163.341,163.977
2013-09-04,164.072,165.572,163.741,165.308
2013-09-05,165.328,165.917,165.307,165.508
2013-09-06,165.744,166.483,164.062,165.517
2013-09-09,165.685,167.240,165.685,167.171
2013-09-10,167.511,168.409,167.511,168.399
2013-09-11,168.104,168.913,167.870,168.913
2013-09-12,168.921,168.997,168.196,168.342
2013-09-13,168.504,168.873,168.222,168.799
2013-09-16,169.170,170.495,169.170,169.760
2013-09-17,169.773,170.552,169.773,170.476
2013-09-18,170.574,172.944,170.035,172.552
2013-09-19,172.734,172.986,172.020,172.234
2013-09-20,172.244,172.523,170.889,170.991
2013-09-23,171.144,171.144,169.710,170.184
2013-09-24,170.260,170.763,169.490,169.742
2013-09-25,169.802,170.171,169.188,169.277
2013-09-26,169.405,170.385,169.311,169.867
2013-09-27,169.552,169.552,168.711,169.175
2013-09-30,168.726,168.726,167.499,168.155
2013-10-01,168.241,169.655,168.207,169.500
2013-10-02,169.190,169.387,168.034,169.387
2013-10-03,169.235,169.235,167.036,167.866
2013-10-04,167.879,169.194,167.733,169.050
2013-10-07,168.715,168.715,167.470,167.612
2013-10-08,167.622,167.679,165.503,165.545
2013-10-09,165.699,166.247,164.647,165.640
2013-10-10,166.088,169.256,166.088,169.256
2013-10-11,169.109,170.344,168.852,170.320
2013-10-14,169.986,171.103,169.213,171.014
2013-10-15,170.917,171.157,169.593,169.806
2013-10-16,170.049,172.176,170.049,172.154
2013-10-17,172.017,173.345,171.412,173.315
2013-10-18,173.672,174.531,173.574,174.450
2013-10-21,174.520,174.779,174.067,174.466
2013-10-22,174.648,175.933,174.648,175.467
2013-10-23,175.227,175.227,174.050,174.638
2013-10-24,174.748,175.394,174.550,175.207
2013-10-25,175.601,175.982,175.245,175.977
2013-10-28,175.942,176.499,175.767,176.211
2013-10-29,176.293,177.209,176.293,177.195
2013-10-30,177.227,177.522,175.724,176.331
2013-10-31,176.324,176.853,175.572,175.654
2013-11-01,175.870,176.567,175.270,176.164
2013-11-04,176.340,176.878,176.156,176.793
2013-11-05,176.567,176.703,175.576,176.297
2013-11-06,176.500,177.374,176.440,177.049
2013-11-07,177.074,177.454,174.620,174.715
2013-11-08,174.837,177.078,174.763,177.061
2013-11-11,176.996,177.344,176.785,177.189
2013-11-12,176.951,177.178,176.229,176.769
2013-11-13,176.437,178.200,176.064,178.200
2013-11-14,178.275,179.153,178.022,179.062
2013-11-15,179.066,179.822,179.066,179.818
2013-11-18,179.882,180.233,178.800,179.153
2013-11-19,179.079,179.551,178.472,178.787
2013-11-20,178.959,179.573,177.723,178.137
2013-11-21,178.352,179.716,178.352,179.585
2013-11-22,179.721,180.484,179.470,180.476
2013-11-25,180.633,180.810,180.058,180.248
2013-11-26,180.287,180.842,180.077,180.275
2013-11-27,180.348,180.827,180.277,180.723
2013-11-29,180.869,181.355,180.398,180.581
2013-12-02,180.655,181.002,179.860,180.090
2013-12-03,180.010,180.010,178.785,179.515
2013-12-04,179.315,179.980,177.909,179.281
2013-12-05,179.282,179.282,178.338,178.503
2013-12-06,178.836,180.604,178.836,180.509
2013-12-09,180.621,181.152,180.621,180.837
2013-12-10,180.760,180.852,180.175,180.262
2013-12-11,180.276,180.297,178.009,178.222
2013-12-12,178.171,178.299,177.228,177.550
2013-12-13,177.798,178.092,177.245,177.532
2013-12-16,177.748,179.222,177.748,178.654
2013-12-17,178.647,178.677,177.705,178.100
2013-12-18,178.146,181.108,176.799,181.065
2013-12-19,180.900,181.088,180.135,180.960
2013-12-20,181.039,182.375,181.025,181.832
2013-12-23,182.292,182.975,182.292,182.799
2013-12-24,182.802,183.332,182.802,183.332
2013-12-26,183.496,184.284,183.496,184.202
2013-12-27,184.297,184.489,183.981,184.140
2013-12-30,184.147,184.247,183.877,184.107
2013-12-31,184.261,184.944,184.241,184.836
2014-01-02,184.586,184.586,182.774,183.198
2014-01-03,183.321,183.824,182.913,183.137
2014-01-06,183.231,183.716,182.373,182.677
2014-01-07,182.871,184.010,182.871,183.788
2014-01-08,183.790,184.002,183.140,183.749
2014-01-09,183.900,184.323,183.038,183.813
2014-01-10,184.006,184.315,183.243,184.237
2014-01-13,184.126,184.345,181.552,181.920
2014-01-14,182.136,183.926,182.136,183.888
2014-01-15,184.052,185.084,184.052,184.838
2014-01-16,184.799,184.799,184.030,184.589
2014-01-17,184.423,184.604,183.523,183.870
2014-01-21,184.105,184.931,183.238,184.380
2014-01-22,184.471,184.687,184.088,184.486
2014-01-23,184.229,184.229,182.006,182.846
2014-01-24,182.696,182.696,179.029,179.029
2014-01-27,179.103,179.598,177.288,178.156
2014-01-28,178.300,179.387,177.949,179.250
2014-01-29,179.015,179.015,177.045,177.420
2014-01-30,177.717,179.877,177.717,179.419
2014-01-31,179.088,179.388,177.226,178.259
2014-02-03,178.268,178.483,173.966,174.189
2014-02-04,174.382,175.873,174.382,175.520
2014-02-05,175.338,175.579,173.792,175.164
2014-02-06,175.299,177.406,175.299,177.343
2014-02-07,177.601,179.803,177.601,179.702
2014-02-10,179.620,179.994,179.183,179.984
2014-02-11,180.045,182.354,180.041,181.975
2014-02-12,182.012,182.655,181.597,181.926
2014-02-13,181.482,183.025,180.922,182.983
2014-02-14,182.846,184.165,182.559,183.863
2014-02-18,183.903,184.287,183.501,184.076
2014-02-19,183.890,184.750,182.699,182.875
2014-02-20,182.924,184.279,182.458,183.978
2014-02-21,184.107,184.613,183.560,183.625
2014-02-24,183.678,185.871,183.678,184.761
2014-02-25,184.766,185.291,184.019,184.512
2014-02-26,184.579,185.265,184.066,184.516
2014-02-27,184.490,185.453,184.113,185.429
2014-02-28,185.512,186.792,184.767,185.945
2014-03-03,185.768,185.768,183.444,184.573
2014-03-04,184.923,187.623,184.923,187.391
2014-03-05,187.405,187.653,187.111,187.381
2014-03-06,187.418,188.194,187.418,187.703
2014-03-07,187.852,188.357,187.056,187.804
2014-03-10,187.786,187.787,186.704,187.717
2014-03-11,187.826,188.235,186.388,186.763
2014-03-12,186.615,186.838,185.438,186.820
2014-03-13,186.906,187.440,184.186,184.634
2014-03-14,184.507,185.244,183.957,184.113
2014-03-17,184.281,186.230,184.281,185.883
2014-03-18,185.892,187.376,185.892,187.225
2014-03-19,187.225,187.414,185.035,186.077
2014-03-20,186.009,187.349,185.463,187.201
2014-03-21,187.453,188.397,186.346,186.652
2014-03-24,186.767,187.334,184.969,185.744
2014-03-25,185.948,187.187,185.596,186.562
2014-03-26,186.709,187.592,185.256,185.256
2014-03-27,185.211,185.555,184.211,184.904
2014-03-28,185.007,186.663,185.007,185.762
2014-03-31,185.916,187.518,185.916,187.234
2014-04-01,187.396,188.584,187.396,188.552
2014-04-02,188.661,189.317,188.379,189.090
2014-04-03,189.143,189.380,188.265,188.877
2014-04-04,189.025,189.728,186.326,186.509
2014-04-07,186.392,186.404,184.148,184.504
2014-04-08,184.548,185.495,183.749,185.196
2014-04-09,185.264,187.243,185.238,187.218
2014-04-10,187.228,187.253,183.087,183.308
2014-04-11,183.065,183.507,181.436,181.569
2014-04-14,181.818,183.419,181.580,183.061
2014-04-15,183.145,184.402,181.629,184.298
2014-04-16,184.601,186.231,184.601,186.231
2014-04-17,186.173,186.963,185.672,186.485
2014-04-21,186.579,187.189,186.318,187.189
2014-04-22,187.257,188.489,187.257,187.955
2014-04-23,187.932,187.975,187.391,187.539
2014-04-24,188.197,188.406,187.024,187.861
2014-04-25,187.772,187.772,185.970,186.340
2014-04-28,186.500,187.701,185.061,186.943
2014-04-29,187.078,188.060,187.078,187.833
2014-04-30,187.710,188.520,187.269,188.395
2014-05-01,188.439,188.859,187.804,188.368
2014-05-02,188.530,189.133,187.850,188.114
2014-05-05,187.945,188.551,186.677,188.466
2014-05-06,188.369,188.369,186.772,186.772
2014-05-07,186.853,187.883,185.979,187.821
2014-05-08,187.739,188.907,187.005,187.563
2014-05-09,187.527,187.857,186.702,187.848
2014-05-12,188.003,189.713,188.003,189.665
2014-05-13,189.675,190.217,189.606,189.745
2014-05-14,189.713,189.713,188.577,188.853
2014-05-15,188.816,188.816,186.236,187.085
2014-05-16,187.119,187.828,186.482,187.786
2014-05-19,187.666,188.600,187.242,188.508
2014-05-20,188.488,188.488,186.814,187.283
2014-05-21,187.334,188.880,187.334,188.803
2014-05-22,188.819,189.633,188.539,189.249
2014-05-23,189.332,190.126,189.332,190.053
2014-05-27,190.201,191.228,190.201,191.191
2014-05-28,191.177,191.446,190.730,190.978
2014-05-29,191.060,192.003,190.982,192.003
2014-05-30,192.033,192.403,191.664,192.357
2014-06-02,192.387,192.588,191.598,192.497
2014-06-03,192.307,192.507,191.879,192.424
2014-06-04,192.306,192.863,191.860,192.788
2014-06-05,192.852,194.174,192.293,194.046
2014-06-06,194.241,194.944,194.241,194.944
2014-06-09,194.897,195.555,194.716,195.127
2014-06-10,195.034,195.086,194.464,195.079
2014-06-11,194.937,194.937,194.008,194.389
2014-06-12,194.335,194.335,192.578,193.011
2014-06-13,193.080,193.730,192.769,193.616
2014-06-16,193.484,194.115,193.091,193.778
2014-06-17,193.715,194.369,193.355,194.199
2014-06-18,194.273,195.774,193.929,195.698
2014-06-19,195.750,195.987,195.226,195.948
2014-06-20,196.045,196.391,195.917,196.287
2014-06-23,196.292,196.374,195.889,196.261
2014-06-24,196.197,196.817,194.834,194.998
2014-06-25,194.927,196.083,194.749,195.953
2014-06-26,195.989,195.989,194.469,195.722
2014-06-27,195.656,196.147,195.218,196.096
2014-06-30,196.079,196.424,195.822,196.023
2014-07-01,196.229,197.858,196.229,197.332
2014-07-02,197.306,197.667,197.258,197.462
2014-07-03,197.588,198.559,197.588,198.544
2014-07-07,198.422,198.422,197.488,197.765
2014-07-08,197.639,197.639,195.946,196.371
2014-07-09,196.510,197.415,196.510,197.283
2014-07-10,196.667,196.984,195.286,196.468
2014-07-11,196.576,196.867,195.963,196.757
2014-07-14,196.986,197.985,196.986,197.710
2014-07-15,197.736,198.252,196.534,197.328
2014-07-16,197.635,198.394,197.567,198.157
2014-07-17,197.975,198.180,195.559,195.812
2014-07-18,196.154,197.991,196.082,197.822
2014-07-21,197.693,197.693,196.577,197.363
2014-07-22,197.565,198.624,197.565,198.353
2014-07-23,198.532,198.923,198.244,198.701
2014-07-24,198.807,199.139,198.579,198.798
2014-07-25,198.460,198.460,197.437,197.834
2014-07-28,197.825,198.152,196.731,197.891
2014-07-29,198.003,198.485,196.995,196.995
2014-07-30,197.321,197.890,196.242,197.007
2014-07-31,196.514,196.514,193.067,193.067
2014-08-01,192.980,193.735,191.637,192.515
2014-08-04,192.662,194.292,192.120,193.899
2014-08-05,193.634,193.634,191.377,192.021
2014-08-06,191.729,192.791,191.145,192.024
2014-08-07,192.303,192.889,190.478,190.957
2014-08-08,191.035,193.238,190.901,193.159
2014-08-11,193.343,194.490,193.343,193.692
2014-08-12,193.573,193.965,192.829,193.375
2014-08-13,193.560,194.841,193.560,194.672
2014-08-14,194.741,195.523,194.741,195.518
2014-08-15,195.887,196.404,194.150,195.506
2014-08-18,195.836,197.199,195.836,197.174
2014-08-19,197.273,198.257,197.273,198.160
2014-08-20,198.046,198.857,197.768,198.651
2014-08-21,198.682,199.476,198.682,199.237
2014-08-22,199.260,199.354,198.476,198.840
2014-08-25,199.174,200.195,199.174,199.792
2014-08-26,199.859,200.504,199.859,200.002
2014-08-27,200.054,200.214,199.620,200.012
2014-08-28,199.742,199.855,199.052,199.674
2014-08-29,199.845,200.338,199.465,200.337
2014-09-02,200.407,200.612,199.485,200.228
2014-09-03,200.357,200.928,199.814,200.072
2014-09-04,200.167,201.117,199.254,199.765
2014-09-05,199.800,200.771,199.010,200.771
2014-09-08,200.717,200.717,199.560,200.154
2014-09-09,200.073,200.101,198.461,198.844
2014-09-10,198.841,199.666,198.299,199.569
2014-09-11,199.285,199.765,198.593,199.745
2014-09-12,199.674,199.674,198.026,198.554
2014-09-15,198.604,198.718,197.848,198.413
2014-09-16,198.193,200.228,197.906,199.898
2014-09-17,199.930,201.074,199.329,200.157
2014-09-18,200.307,201.234,200.307,201.136
2014-09-19,201.274,201.926,200.659,201.040
2014-09-22,200.908,200.908,199.101,199.429
2014-09-23,199.278,199.541,198.277,198.277
2014-09-24,198.334,199.979,197.863,199.830
2014-09-25,199.732,199.732,196.599,196.599
2014-09-26,196.622,198.637,196.622,198.285
2014-09-29,197.896,198.128,196.404,197.780
2014-09-30,197.821,198.517,196.896,197.229
2014-10-01,197.144,197.144,194.172,194.616
2014-10-02,194.583,195.232,192.603,194.617
2014-10-03,194.812,197.119,194.812,196.790
2014-10-06,197.001,197.784,195.843,196.482
2014-10-07,196.236,196.236,193.487,193.510
2014-10-08,193.555,197.036,192.525,196.889
2014-10-09,196.768,196.768,192.756,192.821
2014-10-10,192.563,193.698,190.605,190.613
2014-10-13,190.565,191.209,187.414,187.474
2014-10-14,187.711,189.871,187.179,187.770
2014-10-15,187.418,187.418,182.066,186.249
2014-10-16,185.595,187.601,183.502,186.276
2014-10-17,186.491,189.816,186.491,188.676
2014-10-20,188.562,190.503,188.230,190.401
2014-10-21,190.938,194.245,190.938,194.128
2014-10-22,194.129,194.931,192.683,192.711
2014-10-23,193.102,196.195,193.102,195.082
2014-10-24,195.159,196.527,194.627,196.458
2014-10-27,196.297,196.464,195.137,196.163
2014-10-28,196.414,198.505,196.414,198.505
2014-10-29,198.329,199.140,196.904,198.230
2014-10-30,197.949,199.940,197.475,199.465
2014-10-31,200.120,201.819,200.120,201.805
2014-11-03,201.821,202.446,201.368,201.781
2014-11-04,201.581,201.598,200.101,201.210
2014-11-05,201.529,202.377,201.442,202.357
2014-11-06,202.333,203.161,201.586,203.121
2014-11-07,203.236,203.426,202.507,203.192
2014-11-10,203.201,203.870,203.017,203.826
2014-11-11,203.820,204.128,203.528,203.968
2014-11-12,203.775,204.033,203.195,203.825
2014-11-13,203.921,204.618,203.044,203.933
2014-11-14,203.974,204.222,203.520,203.982
2014-11-17,203.829,204.307,203.446,204.132
2014-11-18,204.148,205.608,204.148,205.180
2014-11-19,205.116,205.214,204.037,204.872
2014-11-20,204.587,205.384,204.049,205.275
2014-11-21,205.746,207.146,205.675,206.350
2014-11-24,206.507,207.017,206.507,206.941
2014-11-25,207.015,207.421,206.475,206.703
2014-11-26,206.736,207.329,206.662,207.283
2014-11-28,207.478,207.576,206.506,206.756
2014-12-01,206.578,206.578,204.957,205.344
2014-12-02,205.377,206.877,205.377,206.655
2014-12-03,206.745,207.628,206.665,207.433
2014-12-04,207.364,207.734,206.234,207.192
2014-12-05,207.278,207.947,207.081,207.537
2014-12-08,207.484,207.578,205.427,206.031
2014-12-09,205.655,206.060,203.417,205.982
2014-12-10,205.886,205.886,202.426,202.614
2014-12-11,202.792,205.553,202.792,203.533
2014-12-12,203.036,203.225,200.233,200.233
2014-12-15,200.503,201.869,198.226,198.963
2014-12-16,198.671,201.689,197.256,197.274
2014-12-17,197.377,201.675,197.377,201.289
2014-12-18,201.898,206.123,201.898,206.123
2014-12-19,206.104,207.785,206.103,207.065
2014-12-22,206.928,207.876,206.928,207.854
2014-12-23,208.148,208.673,207.977,208.217
2014-12-24,208.325,208.756,208.186,208.188
2014-12-26,208.430,209.270,208.430,208.877
2014-12-29,208.763,209.355,208.575,209.057
2014-12-30,208.849,208.849,207.953,208.035
2014-12-31,208.211,208.558,205.794,205.890
2015-01-02,205.890,207.236,204.604,205.820
2015-01-05,205.444,205.444,201.734,202.058
2015-01-06,202.215,203.025,199.244,200.261
2015-01-07,200.555,202.961,200.555,202.590
2015-01-08,203.061,206.408,203.061,206.214
2015-01-09,206.345,206.443,203.833,204.481
2015-01-12,204.613,204.930,202.258,202.826
2015-01-13,203.158,205.693,200.825,202.303
2015-01-14,201.840,201.840,198.844,201.127
2015-01-15,201.375,202.135,199.147,199.267
2015-01-16,199.225,202.046,198.812,201.942
2015-01-20,202.076,202.894,200.449,202.255
2015-01-21,202.019,203.829,201.204,203.212
2015-01-22,203.430,206.462,202.638,206.315
2015-01-23,206.298,206.298,205.054,205.182
2015-01-26,205.042,205.762,204.097,205.709
2015-01-27,204.786,204.786,201.991,202.955
2015-01-28,203.234,204.249,200.149,200.216
2015-01-29,200.245,202.464,198.918,202.125
2015-01-30,201.935,202.332,199.338,199.499
2015-02-02,199.667,202.166,198.090,202.085
2015-02-03,202.271,205.030,202.271,205.003
2015-02-04,204.886,205.474,203.672,204.151
2015-02-05,204.345,206.355,204.345,206.252
2015-02-06,206.228,207.240,204.997,205.547
2015-02-09,205.347,205.616,204.188,204.674
2015-02-10,204.938,207.086,204.862,206.859
2015-02-11,206.855,207.348,205.799,206.853
2015-02-12,206.998,208.853,206.998,208.848
2015-02-13,208.878,209.703,208.670,209.699
2015-02-17,209.647,210.130,208.980,210.034
2015-02-18,209.916,210.023,209.215,209.968
2015-02-19,209.925,210.213,209.079,209.745
2015-02-20,209.765,211.061,208.544,211.030
2015-02-23,210.983,211.005,210.300,210.966
2015-02-24,210.910,211.794,210.587,211.548
2015-02-25,211.530,211.959,210.989,211.386
2015-02-26,211.391,211.391,210.376,211.074
2015-02-27,211.088,211.274,210.375,210.450
2015-03-02,210.523,211.752,210.450,211.739
2015-03-03,211.576,211.576,209.826,210.778
2015-03-04,210.772,210.772,209.449,209.853
2015-03-05,209.854,210.425,209.522,210.104
2015-03-06,210.091,210.091,206.727,207.126
2015-03-09,207.225,208.349,207.221,207.943
2015-03-10,207.614,207.614,204.416,204.416
2015-03-11,204.469,205.008,203.969,204.024
2015-03-12,204.110,206.641,204.110,206.595
2015-03-13,206.456,206.456,204.117,205.340
2015-03-16,205.535,208.141,205.535,208.119
2015-03-17,208.059,208.059,206.508,207.428
2015-03-18,207.284,210.685,206.123,209.950
2015-03-19,209.869,209.869,208.556,208.927
2015-03-20,209.032,211.392,209.032,210.810
2015-03-23,210.799,211.486,210.442,210.442
2015-03-24,210.394,210.763,209.150,209.150
2015-03-25,209.310,209.743,206.105,206.105
2015-03-26,205.994,206.715,204.550,205.615
2015-03-27,205.578,206.283,205.296,206.102
2015-03-30,206.411,208.897,206.411,208.624
2015-03-31,208.405,208.405,206.704,206.789
2015-04-01,206.763,206.763,204.838,205.969
2015-04-02,206.003,207.217,205.732,206.696
2015-04-06,206.487,208.699,205.652,208.062
2015-04-07,208.079,208.981,207.610,207.633
2015-04-08,207.694,208.669,207.330,208.190
2015-04-09,208.129,209.331,207.429,209.118
2015-04-10,209.151,210.261,209.151,210.206
2015-04-13,210.203,210.765,209.233,209.243
2015-04-14,209.228,209.862,208.324,209.584
2015-04-15,209.782,211.191,209.782,210.663
2015-04-16,210.596,211.130,210.002,210.499
2015-04-17,210.258,210.258,207.237,208.118
2015-04-20,208.411,210.394,208.411,210.040
2015-04-21,210.282,210.964,209.438,209.729
2015-04-22,209.827,210.998,209.105,210.796
2015-04-23,210.721,212.049,210.319,211.293
2015-04-24,211.280,212.092,211.280,211.769
2015-04-27,211.929,212.592,210.704,210.892
2015-04-28,210.835,211.604,209.489,211.476
2015-04-29,211.249,211.365,209.741,210.685
2015-04-30,210.552,210.552,207.759,208.551
2015-05-01,208.738,210.841,208.738,210.829
2015-05-04,211.023,212.095,211.023,211.449
2015-05-05,211.263,211.524,208.846,208.946
2015-05-06,209.126,209.842,206.793,208.015
2015-05-07,207.996,209.290,207.499,208.800
2015-05-08,209.213,211.766,209.213,211.610
2015-05-11,211.556,211.769,210.458,210.533
2015-05-12,210.287,210.506,208.557,209.912
2015-05-13,209.962,211.019,209.604,209.848
2015-05-14,210.043,212.145,210.043,212.110
2015-05-15,212.207,212.389,211.681,212.273
2015-05-18,212.130,213.178,212.001,212.920
2015-05-19,212.945,213.302,212.450,212.783
2015-05-20,212.779,213.472,212.259,212.585
2015-05-21,212.555,213.428,212.295,213.082
2015-05-22,213.036,213.215,212.606,212.606
2015-05-26,212.534,212.534,209.918,210.420
2015-05-27,210.513,212.622,210.513,212.348
2015-05-28,212.227,212.227,211.286,212.079
2015-05-29,212.066,212.066,210.489,210.739
2015-06-01,210.864,211.915,210.254,211.173
2015-06-02,211.041,211.759,209.914,210.960
2015-06-03,211.064,212.192,210.961,211.407
2015-06-04,211.235,211.289,209.323,209.584
2015-06-05,209.509,210.099,208.567,209.283
2015-06-08,209.234,209.301,207.911,207.928
2015-06-09,207.907,208.562,207.214,208.015
2015-06-10,208.112,210.850,208.112,210.520
2015-06-11,210.624,211.502,210.624,210.886
2015-06-12,210.743,210.743,209.133,209.411
2015-06-15,209.134,209.134,207.249,208.443
2015-06-16,208.426,209.740,208.210,209.629
2015-06-17,209.740,210.679,208.886,210.044
2015-06-18,210.158,212.665,210.158,212.124
2015-06-19,212.106,212.164,210.945,210.999
2015-06-22,211.250,212.987,211.250,212.285
2015-06-23,212.316,212.803,211.989,212.420
2015-06-24,212.365,212.510,210.858,210.858
2015-06-25,210.996,211.604,210.178,210.231
2015-06-26,210.262,210.892,209.538,210.149
2015-06-29,209.863,209.863,205.664,205.764
2015-06-30,206.119,207.428,205.632,206.311
2015-07-01,206.700,208.278,206.700,207.742
2015-07-02,207.803,208.506,207.102,207.678
2015-07-06,207.395,207.861,205.840,206.876
2015-07-07,206.952,208.374,204.402,208.134
2015-07-08,207.766,207.766,204.466,204.668
2015-07-09,204.973,207.428,204.973,205.131
2015-07-10,205.274,208.131,205.274,207.662
2015-07-13,208.003,210.067,208.003,209.960
2015-07-14,209.972,211.198,209.818,210.895
2015-07-15,210.901,211.414,210.249,210.740
2015-07-16,211.055,212.442,211.055,212.429
2015-07-17,212.680,212.891,211.988,212.664
2015-07-20,212.685,213.282,212.366,212.828
2015-07-21,212.755,212.849,211.540,211.921
2015-07-22,211.821,211.851,211.000,211.415
2015-07-23,211.416,211.687,209.863,210.215
2015-07-24,210.224,210.601,207.709,207.965
2015-07-27,207.819,207.819,206.352,206.764
2015-07-28,207.075,209.560,206.909,209.325
2015-07-29,209.470,211.060,209.408,210.857
2015-07-30,210.678,211.048,209.497,210.863
2015-07-31,211.160,211.424,210.207,210.384
2015-08-03,210.449,210.570,208.731,209.804
2015-08-04,209.768,210.251,208.860,209.332
2015-08-05,209.527,211.266,209.527,209.984
2015-08-06,210.075,210.332,207.553,208.356
2015-08-07,208.261,208.261,206.791,207.757
2015-08-10,208.098,210.535,208.098,210.418
2015-08-11,210.266,210.266,207.649,208.407
2015-08-12,208.110,208.906,205.209,208.605
2015-08-13,208.619,209.293,207.826,208.339
2015-08-14,208.315,209.245,208.061,209.154
2015-08-17,208.970,210.287,207.930,210.244
2015-08-18,210.199,210.347,209.414,209.692
2015-08-19,209.569,209.617,207.053,207.961
2015-08-20,207.661,207.661,203.573,203.573
2015-08-21,203.408,203.408,197.089,197.089
2015-08-24,196.515,196.515,186.701,189.321
2015-08-25,189.808,194.804,186.708,186.761
2015-08-26,187.275,194.309,187.275,194.051
2015-08-27,194.277,198.960,194.277,198.766
2015-08-28,198.606,199.348,197.519,198.887
2015-08-31,198.673,198.673,196.598,197.218
2015-09-01,197.009,197.009,190.307,191.385
2015-09-02,191.652,194.891,191.652,194.886
2015-09-03,195.079,197.501,194.472,195.113
2015-09-04,194.776,194.776,191.121,192.122
2015-09-08,192.730,197.042,192.730,196.941
2015-09-09,197.145,198.863,193.788,194.204
2015-09-10,194.159,196.529,193.719,195.229
2015-09-11,195.145,196.105,193.919,196.105
2015-09-14,196.306,196.306,194.827,195.303
2015-09-15,195.510,198.319,195.430,197.809
2015-09-16,197.802,199.726,197.793,199.531
2015-09-17,199.533,202.086,198.673,199.020
2015-09-18,198.966,198.966,195.345,195.803
2015-09-21,196.084,197.964,195.580,196.697
2015-09-22,196.139,196.139,192.922,194.274
2015-09-23,194.324,194.952,193.257,193.876
2015-09-24,193.481,193.717,190.892,193.224
2015-09-25,193.593,195.289,192.150,193.134
2015-09-28,192.918,192.918,187.921,188.177
2015-09-29,188.190,189.948,187.191,188.409
2015-09-30,188.714,192.053,188.714,192.003
2015-10-01,191.965,192.721,190.070,192.382
2015-10-02,192.177,195.136,189.370,195.136
2015-10-05,195.433,198.917,195.433,198.705
2015-10-06,198.663,199.162,197.199,197.992
2015-10-07,198.234,199.931,197.644,199.583
2015-10-08,199.401,201.650,198.753,201.343
2015-10-09,201.373,202.013,200.761,201.489
2015-10-12,201.565,201.866,201.055,201.746
2015-10-13,201.500,202.234,200.178,200.369
2015-10-14,200.366,200.956,199.073,199.424
2015-10-15,199.647,202.415,199.647,202.386
2015-10-16,202.437,203.354,202.046,203.311
2015-10-19,203.173,203.445,202.231,203.366
2015-10-20,203.313,203.912,202.661,203.077
2015-10-21,203.347,203.797,201.722,201.894
2015-10-22,202.188,205.520,202.188,205.251
2015-10-23,205.819,207.974,205.819,207.515
2015-10-26,207.508,207.514,206.653,207.118
2015-10-27,206.875,207.037,205.884,206.589
2015-10-28,206.648,209.035,206.311,209.035
2015-10-29,208.835,209.252,208.263,208.941
2015-10-30,209.000,209.432,207.934,207.936
2015-11-02,208.076,210.620,208.076,210.405
2015-11-03,210.263,211.648,209.751,210.979
2015-11-04,211.060,211.459,209.698,210.231
2015-11-05,210.168,210.878,209.041,209.993
2015-11-06,209.860,210.191,208.374,209.920
2015-11-09,209.656,209.656,206.824,207.858
2015-11-10,207.719,208.367,206.991,208.172
2015-11-11,208.341,208.694,207.485,207.500
2015-11-12,207.229,207.229,204.566,204.597
2015-11-13,204.464,204.464,202.202,202.304
2015-11-16,202.208,205.322,201.939,205.319
2015-11-17,205.367,206.669,204.590,205.044
2015-11-18,205.199,208.531,205.199,208.358
2015-11-19,208.370,208.674,207.876,208.124
2015-11-20,208.282,209.706,208.282,208.917
2015-11-23,208.941,209.561,208.139,208.659
2015-11-24,208.442,209.412,207.029,208.914
2015-11-25,208.930,209.300,208.630,208.887
2015-11-27,208.882,209.329,208.413,209.011
2015-11-30,209.095,209.381,208.041,208.041
2015-12-01,208.293,210.337,208.293,210.263
2015-12-02,210.171,210.427,207.711,207.951
2015-12-03,208.071,208.500,204.235,204.962
2015-12-04,205.124,209.384,205.124,209.169
2015-12-07,209.042,209.042,206.678,207.707
2015-12-08,207.339,207.385,205.232,206.359
2015-12-09,206.117,208.033,203.653,204.762
2015-12-10,204.793,206.765,204.567,205.223
2015-12-11,204.727,204.727,200.880,201.237
2015-12-14,201.337,202.292,199.326,202.194
2015-12-15,202.555,205.387,202.555,204.341
2015-12-16,204.650,207.672,204.243,207.307
2015-12-17,207.376,207.637,204.166,204.189
2015-12-18,204.081,204.081,200.533,200.555
2015-12-21,201.027,202.290,200.593,202.115
2015-12-22,202.315,204.274,202.049,203.897
2015-12-23,204.220,206.473,204.220,206.429
2015-12-24,206.352,206.736,205.873,206.099
2015-12-28,205.777,205.777,204.420,205.650
2015-12-29,206.054,208.156,206.054,207.836
2015-12-30,207.734,207.734,206.197,206.336
2015-12-31,206.059,206.254,204.362,204.394
2016-01-04,203.820,203.820,198.968,201.266
2016-01-05,201.378,202.194,200.417,201.671
2016-01-06,201.171,201.171,197.905,199.026
2016-01-07,198.532,198.532,193.883,194.309
2016-01-08,194.597,196.040,191.846,192.203
2016-01-11,192.612,193.565,190.110,192.367
2016-01-12,192.783,194.738,191.435,193.868
2016-01-13,194.034,195.033,188.641,189.028
2016-01-14,189.168,193.447,187.893,192.184
2016-01-15,191.668,191.668,185.783,188.033
2016-01-19,188.866,190.144,186.460,188.133
2016-01-20,187.618,187.618,181.229,185.933
2016-01-21,186.146,188.985,184.898,186.899
2016-01-22,187.740,190.885,187.740,190.690
2016-01-25,190.628,190.628,187.597,187.708
2016-01-26,187.879,190.673,187.879,190.363
2016-01-27,190.252,191.699,187.270,188.295
2016-01-28,188.522,190.296,187.365,189.336
2016-01-29,189.400,194.024,189.400,194.024
2016-02-01,193.694,194.720,192.030,193.938
2016-02-02,193.526,193.526,189.729,190.303
2016-02-03,190.707,191.801,187.223,191.253
2016-02-04,191.167,192.735,190.052,191.545
2016-02-05,191.307,191.307,187.265,188.005
2016-02-08,187.325,187.325,182.846,185.344
2016-02-09,184.846,186.825,183.494,185.221
2016-02-10,185.710,188.160,185.032,185.186
2016-02-11,184.700,184.700,181.010,182.908
2016-02-12,183.340,186.478,183.340,186.478
2016-02-16,187.144,189.577,187.144,189.558
2016-02-17,189.880,193.068,189.880,192.682
2016-02-18,192.757,193.000,191.509,191.783
2016-02-19,191.674,191.878,190.217,191.778
2016-02-22,192.444,194.670,192.444,194.550
2016-02-23,194.238,194.238,191.944,192.127
2016-02-24,191.756,193.208,189.100,192.980
2016-02-25,193.187,195.183,192.541,195.170
2016-02-26,195.495,196.296,194.578,194.805
2016-02-29,194.713,195.827,193.181,193.223
2016-03-01,193.709,197.835,193.709,197.835
2016-03-02,197.660,198.651,196.880,198.645
2016-03-03,198.560,199.369,197.737,199.340
2016-03-04,199.401,200.913,198.677,199.999
2016-03-07,199.611,200.612,198.938,200.176
2016-03-08,199.688,199.688,197.743,197.926
2016-03-09,198.144,199.269,197.984,198.926
2016-03-10,199.097,200.508,196.925,198.957
2016-03-11,199.471,202.237,199.471,202.219
2016-03-14,201.927,202.457,201.205,201.964
2016-03-15,201.527,201.594,200.523,201.593
2016-03-16,201.424,203.202,201.004,202.722
2016-03-17,202.690,204.624,202.216,204.059
2016-03-18,204.116,205.236,204.116,204.958
2016-03-21,204.788,205.391,204.314,205.160
2016-03-22,204.864,205.660,204.057,204.980
2016-03-23,204.855,204.855,203.486,203.671
2016-03-24,203.248,203.604,202.249,203.594
2016-03-28,203.789,204.267,203.196,203.705
2016-03-29,203.575,205.591,202.831,205.501
2016-03-30,205.827,207.221,205.827,206.395
2016-03-31,206.377,206.792,205.746,205.974
2016-04-01,205.662,207.507,204.398,207.278
2016-04-04,207.319,207.402,206.257,206.613
2016-04-05,206.250,206.250,204.256,204.517
2016-04-06,204.556,206.733,204.309,206.666
2016-04-07,206.301,206.301,203.380,204.191
2016-04-08,204.554,206.063,204.169,204.760
2016-04-11,205.023,206.293,204.188,204.199
2016-04-12,204.372,206.505,203.974,206.172
2016-04-13,206.592,208.318,206.592,208.242
2016-04-14,208.289,208.784,207.813,208.278
2016-04-15,208.310,208.322,207.631,208.073
2016-04-18,207.883,209.466,207.365,209.434
2016-04-19,209.605,210.405,209.168,210.080
2016-04-20,210.152,211.105,209.632,210.240
2016-04-21,210.209,210.378,208.852,209.148
2016-04-22,209.149,209.432,208.120,209.158
2016-04-25,208.937,208.937,207.752,208.779
2016-04-26,208.984,209.687,208.580,209.170
2016-04-27,209.233,209.989,208.231,209.515
2016-04-28,209.093,209.930,207.162,207.581
2016-04-29,207.182,207.385,205.228,206.530
2016-05-02,206.717,208.342,206.611,208.143
2016-05-03,207.718,207.718,205.489,206.337
2016-05-04,206.030,206.030,204.555,205.112
2016-05-05,205.295,206.023,204.577,205.063
2016-05-06,204.777,205.772,203.945,205.714
2016-05-09,205.755,206.415,205.431,205.869
2016-05-10,206.263,208.487,206.263,208.439
2016-05-11,208.329,208.329,206.446,206.446
2016-05-12,206.717,207.399,205.313,206.411
2016-05-13,206.250,206.679,204.313,204.661
2016-05-16,204.653,207.188,204.653,206.666
2016-05-17,206.504,206.569,204.082,204.721
2016-05-18,204.438,206.061,203.449,204.763
2016-05-19,204.421,204.421,202.591,204.004
2016-05-20,204.188,205.835,204.188,205.232
2016-05-23,205.223,205.558,204.726,204.804
2016-05-24,205.265,207.967,205.265,207.606
2016-05-25,207.893,209.473,207.893,209.054
2016-05-26,209.144,209.430,208.708,209.010
2016-05-27,209.006,209.906,209.006,209.906
2016-05-31,210.013,210.348,208.866,209.695
2016-06-01,209.394,210.097,208.510,209.933
2016-06-02,209.771,210.526,208.859,210.526
2016-06-03,210.407,210.407,208.536,209.913
2016-06-06,210.083,211.336,210.083,210.941
2016-06-07,211.018,211.922,211.018,211.213
2016-06-08,211.271,212.055,211.271,211.912
2016-06-09,211.565,211.764,210.773,211.548
2016-06-10,210.957,210.957,208.996,209.607
2016-06-13,209.175,209.812,207.846,207.906
2016-06-14,207.665,208.130,206.410,207.532
2016-06-15,207.760,208.565,206.980,207.150
2016-06-16,206.636,207.962,205.037,207.799
2016-06-17,207.820,207.820,206.284,207.122
2016-06-20,207.558,210.066,207.558,208.325
2016-06-21,208.519,209.366,208.302,208.890
2016-06-22,208.975,209.971,208.436,208.545
2016-06-23,209.280,211.332,209.280,211.332
2016-06-24,210.381,210.381,203.257,203.741
2016-06-27,203.145,203.145,199.168,200.054
2016-06-28,200.667,203.609,200.667,203.609
2016-06-29,204.269,207.313,204.269,207.077
2016-06-30,207.317,209.894,207.000,209.886
2016-07-01,209.934,210.871,209.790,210.295
2016-07-05,209.505,209.505,208.086,208.855
2016-07-06,208.443,210.072,207.402,209.973
2016-07-07,210.042,210.908,208.939,209.790
2016-07-08,210.697,213.171,210.697,212.990
2016-07-11,213.172,214.316,213.172,213.716
2016-07-12,213.950,215.540,213.950,215.214
2016-07-13,215.381,215.645,214.621,215.243
2016-07-14,215.788,216.899,215.788,216.375
2016-07-15,216.513,216.905,215.579,216.174
2016-07-18,216.204,216.835,215.963,216.689
2016-07-19,216.379,216.463,215.901,216.378
2016-07-20,216.610,217.563,216.489,217.302
2016-07-21,217.291,217.456,215.975,216.517
2016-07-22,216.647,217.511,216.324,217.503
2016-07-25,217.371,217.371,216.195,216.848
2016-07-26,216.897,217.354,216.018,216.918
2016-07-27,216.981,217.498,215.907,216.658
2016-07-28,216.605,217.285,215.974,217.006
2016-07-29,216.883,217.709,216.349,217.360
2016-08-01,217.315,217.829,216.621,217.084
2016-08-02,216.994,217.020,214.758,215.703
2016-08-03,215.681,216.379,215.256,216.379
2016-08-04,216.351,216.819,215.907,216.425
2016-08-05,216.879,218.287,216.879,218.287
2016-08-08,218.376,218.544,217.785,218.089
2016-08-09,218.224,218.766,217.861,218.174
2016-08-10,218.281,218.341,217.200,217.549
2016-08-11,217.797,218.845,217.797,218.579
2016-08-12,218.374,218.628,217.942,218.405
2016-08-15,218.608,219.381,218.608,219.015
2016-08-16,218.624,218.624,217.814,217.815
2016-08-17,217.784,218.308,216.850,218.222
2016-08-18,218.190,218.703,218.046,218.702
2016-08-19,218.424,218.500,217.513,218.387
2016-08-22,218.158,218.515,217.596,218.264
2016-08-23,218.781,219.342,218.680,218.690
2016-08-24,218.509,218.666,217.125,217.544
2016-08-25,217.329,217.900,216.974,217.247
2016-08-26,217.510,218.794,216.039,216.904
2016-08-29,217.019,218.348,217.019,218.038
2016-08-30,217.945,218.227,217.041,217.612
2016-08-31,217.356,217.379,216.135,217.095
2016-09-01,217.133,217.356,215.709,217.086
2016-09-02,217.749,218.487,217.359,217.998
2016-09-06,218.161,218.657,217.510,218.648
2016-09-07,218.517,218.787,217.907,218.616
2016-09-08,218.276,218.494,217.749,218.130
2016-09-09,216.908,216.908,212.781,212.781
2016-09-12,212.086,216.330,211.912,215.904
2016-09-13,215.047,215.047,212.027,212.702
2016-09-14,212.786,214.133,211.990,212.577
2016-09-15,212.536,215.131,212.236,214.726
2016-09-16,214.648,214.648,213.120,213.916
2016-09-19,214.399,215.361,213.591,213.912
2016-09-20,214.594,215.080,213.917,213.976
2016-09-21,214.458,216.511,213.957,216.312
2016-09-22,217.094,217.999,217.094,217.718
2016-09-23,217.329,217.375,216.397,216.469
2016-09-26,215.854,215.854,214.504,214.610
2016-09-27,214.604,216.113,214.155,215.993
2016-09-28,216.185,217.240,215.179,217.137
2016-09-29,216.890,217.267,214.520,215.113
2016-09-30,215.651,217.530,215.651,216.827
2016-10-03,216.433,216.441,215.477,216.120
2016-10-04,216.337,216.546,214.401,215.049
2016-10-05,215.515,216.395,215.515,215.973
2016-10-06,215.822,216.293,215.028,216.077
2016-10-07,216.419,216.586,214.485,215.374
2016-10-10,216.039,216.960,216.039,216.366
2016-10-11,216.135,216.156,212.884,213.673
2016-10-12,213.767,214.536,213.277,213.918
2016-10-13,213.026,213.819,211.472,213.255
2016-10-14,213.968,214.919,213.298,213.298
2016-10-17,213.295,213.561,212.443,212.650
2016-10-18,213.831,214.438,213.549,213.960
2016-10-19,214.081,214.844,213.815,214.429
2016-10-20,214.251,214.718,213.344,214.134
2016-10-21,213.943,214.263,213.009,214.116
2016-10-24,214.850,215.479,214.691,215.133
2016-10-25,214.972,215.144,214.193,214.316
2016-10-26,213.697,214.573,213.159,213.943
2016-10-27,214.406,214.713,213.252,213.304
2016-10-28,213.223,214.072,211.936,212.641
2016-10-31,212.978,213.325,212.553,212.615
2016-11-01,212.868,213.145,209.785,211.172
2016-11-02,210.943,211.176,209.400,209.794
2016-11-03,209.880,210.256,208.523,208.866
2016-11-04,208.379,209.907,208.379,208.518
2016-11-07,210.059,213.200,210.059,213.152
2016-11-08,212.992,214.687,212.356,213.956
2016-11-09,213.156,217.010,212.535,216.326
2016-11-10,216.749,218.230,215.117,216.748
2016-11-11,216.271,216.592,215.249,216.445
2016-11-14,216.564,217.136,215.608,216.420
2016-11-15,216.829,218.084,216.638,218.039
2016-11-16,217.753,217.922,217.220,217.694
2016-11-17,217.861,218.806,217.665,218.712
2016-11-18,218.685,218.989,218.038,218.190
2016-11-21,218.643,219.870,218.643,219.818
2016-11-22,220.156,220.480,219.451,220.294
2016-11-23,219.855,220.472,219.451,220.472
2016-11-25,220.627,221.335,220.627,221.335
2016-11-28,221.021,221.114,220.036,220.172
2016-11-29,220.076,221.046,219.815,220.466
2016-11-30,220.497,221.410,219.881,219.881
2016-12-01,220.017,220.260,218.744,219.108
2016-12-02,219.112,219.795,218.837,219.195
2016-12-05,220.065,220.942,219.997,220.471
2016-12-06,220.726,221.278,220.221,221.223
2016-12-07,221.072,224.163,220.893,224.135
2016-12-08,224.113,225.169,223.757,224.619
2016-12-09,224.973,225.980,224.923,225.953
2016-12-12,225.883,226.403,225.237,225.696
2016-12-13,226.332,227.753,226.332,227.172
2016-12-14,226.835,227.620,224.844,225.328
2016-12-15,225.377,227.212,225.377,226.203
2016-12-16,226.681,226.805,225.424,225.807
2016-12-19,225.924,226.747,225.821,226.253
2016-12-20,226.650,227.256,226.614,227.076
2016-12-21,227.054,227.123,226.515,226.518
2016-12-22,226.293,226.318,225.608,226.096
2016-12-23,226.025,226.379,225.884,226.379
2016-12-27,226.623,227.382,226.615,226.888
2016-12-28,227.023,227.131,224.911,224.992
2016-12-29,224.950,225.451,224.456,224.926
2016-12-30,225.161,225.358,223.362,223.883
2017-01-03,225.157,226.388,224.513,225.783
2017-01-04,226.160,227.282,226.160,227.075
2017-01-05,226.818,227.150,226.045,226.900
2017-01-06,227.114,228.210,226.406,227.698
2017-01-09,227.359,227.549,226.890,226.890
2017-01-10,226.972,227.927,226.527,226.890
2017-01-11,226.860,227.532,226.083,227.532
2017-01-12,227.114,227.178,225.425,227.044
2017-01-13,227.274,227.868,227.151,227.464
2017-01-17,226.914,227.208,226.281,226.789
2017-01-18,226.914,227.201,226.335,227.189
2017-01-19,227.190,227.433,225.841,226.369
2017-01-20,226.996,227.696,226.501,227.131
2017-01-23,226.778,227.178,225.702,226.520
2017-01-24,226.788,228.463,226.668,228.007
2017-01-25,228.888,229.955,228.888,229.837
2017-01-26,229.863,230.099,229.408,229.668
2017-01-27,229.902,229.902,229.162,229.469
2017-01-30,228.601,228.601,226.804,228.090
2017-01-31,227.402,227.909,226.721,227.887
2017-02-01,228.559,228.914,227.244,227.955
2017-02-02,227.669,228.397,227.165,228.085
2017-02-03,228.854,229.831,228.788,229.742
2017-02-06,229.428,229.618,228.857,229.256
2017-02-07,229.587,229.940,229.016,229.308
2017-02-08,228.955,229.591,228.538,229.467
2017-02-09,229.670,231.108,229.661,230.787
2017-02-10,231.227,231.923,231.110,231.610
2017-02-13,232.172,233.158,232.142,232.825
2017-02-14,232.612,233.758,232.217,233.758
2017-02-15,233.558,235.130,233.481,234.925
2017-02-16,234.964,235.131,233.887,234.722
2017-02-17,234.301,235.116,233.958,235.116
2017-02-21,235.491,236.671,235.491,236.538
2017-02-22,236.111,236.513,235.834,236.282
2017-02-23,236.750,236.826,235.509,236.381
2017-02-24,235.573,236.734,235.287,236.734
2017-02-27,236.523,237.154,236.187,236.975
2017-02-28,236.608,236.779,235.896,236.364
2017-03-01,238.013,240.098,238.013,239.596
2017-03-02,239.475,239.475,238.017,238.192
2017-03-03,238.092,238.389,237.539,238.312
2017-03-06,237.523,237.880,236.798,237.531
2017-03-07,237.074,237.512,236.551,236.839
2017-03-08,236.981,237.309,236.101,236.298
2017-03-09,236.349,236.908,235.454,236.487
2017-03-10,237.252,237.686,236.304,237.260
2017-03-13,237.156,237.442,236.852,237.347
2017-03-14,236.855,236.855,235.818,236.545
2017-03-15,237.034,239.001,236.894,238.526
2017-03-16,238.771,238.810,237.718,238.138
2017-03-17,238.371,238.571,237.764,237.825
2017-03-20,237.824,237.955,236.966,237.347
2017-03-21,237.932,238.193,234.190,234.402
2017-03-22,234.300,235.181,233.645,234.845
2017-03-23,234.597,235.892,234.213,234.596
2017-03-24,235.042,235.622,233.574,234.398
2017-03-27,232.911,234.490,232.225,234.159
2017-03-28,233.979,236.378,233.763,235.857
2017-03-29,235.654,236.336,235.294,236.113
2017-03-30,236.131,237.042,235.858,236.806
2017-03-31,236.482,237.035,236.260,236.272
2017-04-03,236.234,236.587,234.473,235.884
2017-04-04,235.476,236.053,235.072,236.016
2017-04-05,236.659,237.836,235.052,235.295
2017-04-06,235.379,236.416,234.890,235.749
2017-04-07,235.659,236.376,235.074,235.554
2017-04-10,235.716,236.637,235.150,235.716
2017-04-11,235.392,235.522,233.725,235.378
2017-04-12,235.215,235.272,234.118,234.493
2017-04-13,234.198,234.826,232.895,232.895
2017-04-17,233.262,234.914,233.251,234.901
2017-04-18,234.253,234.835,233.454,234.219
2017-04-19,234.679,235.263,233.505,233.817
2017-04-20,234.269,236.137,234.091,235.584
2017-04-21,235.474,235.618,234.451,234.869
2017-04-24,237.033,237.698,236.919,237.415
2017-04-25,238.151,239.248,238.115,238.861
2017-04-26,238.898,239.816,238.678,238.745
2017-04-27,238.970,239.210,238.268,238.877
2017-04-28,239.368,239.368,238.236,238.420
2017-05-01,238.850,239.449,238.483,238.833
2017-05-02,239.105,239.293,238.582,239.117
2017-05-03,238.650,238.982,237.975,238.813
2017-05-04,238.979,239.143,238.035,238.952
2017-05-05,239.237,239.929,238.938,239.929
2017-05-08,239.994,240.136,239.392,239.938
2017-05-09,240.158,240.387,239.244,239.692
2017-05-10,239.679,239.974,239.279,239.963
2017-05-11,239.484,239.572,238.174,239.444
2017-05-12,239.244,239.244,238.719,239.090
2017-05-15,239.398,240.405,239.394,240.232
2017-05-16,240.455,240.577,239.605,240.067
2017-05-17,238.295,238.487,235.621,235.703
2017-05-18,235.469,237.574,235.272,236.572
2017-05-19,237.137,238.906,237.043,238.173
2017-05-22,238.721,239.546,238.692,239.402
2017-05-23,239.704,240.085,239.388,239.842
2017-05-24,240.141,240.558,239.799,240.439
2017-05-25,240.954,241.871,240.801,241.507
2017-05-26,241.450,241.668,241.220,241.582
2017-05-30,241.167,241.526,240.943,241.291
2017-05-31,241.563,241.599,240.359,241.180
2017-06-01,241.565,243.006,241.354,243.006
2017-06-02,243.128,244.023,242.771,243.907
2017-06-05,243.783,243.955,243.432,243.610
2017-06-06,243.192,243.621,242.812,242.933
2017-06-07,243.203,243.528,242.475,243.314
2017-06-08,243.427,243.927,242.794,243.379
2017-06-09,243.639,244.620,241.570,243.177
2017-06-12,242.588,243.038,241.997,242.939
2017-06-13,243.415,244.149,243.128,244.035
2017-06-14,244.375,244.375,242.834,243.792
2017-06-15,242.414,243.395,241.853,243.246
2017-06-16,243.124,243.315,242.288,243.315
2017-06-19,244.255,245.382,244.179,245.346
2017-06-20,245.066,245.066,243.660,243.703
2017-06-21,243.931,244.223,243.074,243.561
2017-06-22,243.740,244.162,243.327,243.450
2017-06-23,243.465,244.140,243.111,243.830
2017-06-26,244.332,245.042,243.703,243.907
2017-06-27,243.634,244.015,241.938,241.938
2017-06-28,242.870,244.297,242.802,244.069
2017-06-29,244.238,244.273,240.570,241.970
2017-06-30,242.920,243.271,242.165,242.341
2017-07-03,243.139,243.917,242.869,242.901
2017-07-05,243.078,243.490,242.205,243.254
2017-07-06,242.344,242.428,240.770,240.975
2017-07-07,241.352,242.692,241.352,242.518
2017-07-10,242.451,243.200,242.227,242.743
2017-07-11,242.735,242.930,241.279,242.553
2017-07-12,243.575,244.576,243.575,244.325
2017-07-13,244.499,244.932,244.169,244.783
2017-07-14,244.916,246.354,244.669,245.927
2017-07-17,245.950,246.282,245.716,245.914
2017-07-18,245.588,246.092,245.034,246.061
2017-07-19,246.385,247.383,246.385,247.383
2017-07-20,247.556,247.762,246.843,247.345
2017-07-21,246.740,247.254,246.506,247.254
2017-07-24,247.204,247.310,246.632,246.991
2017-07-25,247.788,248.124,247.491,247.713
2017-07-26,247.997,248.169,247.494,247.783
2017-07-27,248.276,248.404,245.993,247.542
2017-07-28,246.912,247.353,246.466,247.210
2017-07-31,247.594,247.796,246.853,247.030
2017-08-01,247.710,247.851,247.114,247.635
2017-08-02,248.038,248.038,246.648,247.757
2017-08-03,247.603,247.603,246.885,247.216
2017-08-04,247.688,248.000,247.208,247.683
2017-08-07,247.714,248.095,247.588,248.091
2017-08-08,247.835,249.087,247.032,247.492
2017-08-09,246.535,247.441,246.208,247.402
2017-08-10,246.538,246.538,243.775,243.821
2017-08-11,244.104,244.809,243.785,244.132
2017-08-14,245.496,246.822,245.496,246.584
2017-08-15,246.866,246.890,246.161,246.461
2017-08-16,246.863,247.493,246.386,246.811
2017-08-17,246.295,246.502,243.001,243.001
2017-08-18,242.764,244.027,242.069,242.555
2017-08-21,242.550,243.058,241.735,242.837
2017-08-22,243.375,245.477,243.367,245.251
2017-08-23,244.488,244.891,244.142,244.404
2017-08-24,244.791,245.039,243.619,243.897
2017-08-25,244.472,245.396,244.222,244.305
2017-08-28,244.735,244.912,243.903,244.424
2017-08-29,243.194,244.919,242.820,244.630
2017-08-30,244.606,246.031,244.377,245.759
2017-08-31,246.265,247.501,246.265,247.165
2017-09-01,247.442,248.038,247.385,247.655
2017-09-05,247.035,247.197,244.655,245.785
2017-09-06,246.383,246.964,245.920,246.554
2017-09-07,246.806,246.862,246.029,246.510
2017-09-08,246.225,246.711,245.940,246.143
2017-09-11,247.452,248.895,247.452,248.811
2017-09-12,249.194,249.677,249.037,249.648
2017-09-13,249.389,249.837,249.214,249.837
2017-09-14,249.456,249.843,249.135,249.562
2017-09-15,249.567,250.023,249.316,250.023
2017-09-18,250.251,250.832,249.992,250.387
2017-09-19,250.629,250.784,250.319,250.665
2017-09-20,250.684,250.885,249.667,250.824
2017-09-21,250.716,250.716,249.900,250.060
2017-09-22,249.726,250.347,249.654,250.222
2017-09-25,249.939,250.254,248.803,249.666
2017-09-26,250.104,250.351,249.512,249.684
2017-09-27,250.330,251.175,249.591,250.704
2017-09-28,250.341,251.081,250.293,251.006
2017-09-29,250.996,251.944,250.799,251.936
2017-10-02,252.120,252.923,252.040,252.912
2017-10-03,253.034,253.513,252.885,253.458
2017-10-04,253.348,254.053,253.180,253.774
2017-10-05,254.086,255.251,254.002,255.207
2017-10-06,254.744,254.941,254.379,254.933
2017-10-09,255.139,255.182,254.160,254.473
2017-10-10,254.999,255.523,254.486,255.064
2017-10-11,255.062,255.524,254.795,255.524
2017-10-12,255.288,255.533,254.831,255.093
2017-10-13,255.566,255.765,255.209,255.317
2017-10-16,255.557,255.947,255.264,255.764
2017-10-17,255.717,255.971,255.469,255.936
2017-10-18,256.287,256.411,255.967,256.126
2017-10-19,255.339,256.236,254.792,256.210
2017-10-20,256.756,257.544,256.756,257.521
2017-10-23,257.808,257.829,256.433,256.498
2017-10-24,256.866,257.218,256.558,256.913
2017-10-25,256.652,256.740,254.400,255.715
2017-10-26,256.008,256.707,255.980,256.040
2017-10-27,257.026,258.298,256.594,258.107
2017-10-30,257.775,258.003,256.825,257.283
2017-10-31,257.599,257.829,257.215,257.526
2017-11-01,258.321,258.840,257.492,257.936
2017-11-02,257.946,258.111,256.617,257.985
2017-11-03,258.193,258.842,257.677,258.784
2017-11-06,258.747,259.338,258.566,259.113
2017-11-07,259.211,259.702,258.435,259.064
2017-11-08,258.871,259.547,258.502,259.438
2017-11-09,258.400,258.650,256.633,258.462
2017-11-10,258.018,258.381,257.557,258.230
2017-11-13,257.653,258.766,257.448,258.484
2017-11-14,257.775,257.966,256.656,257.887
2017-11-15,256.945,257.284,255.745,256.462
2017-11-16,257.295,259.009,257.295,258.564
2017-11-17,258.294,258.396,257.762,257.885
2017-11-20,257.949,258.464,257.824,258.214
2017-11-21,258.917,260.119,258.917,259.903
2017-11-22,260.031,260.094,259.523,259.708
2017-11-24,260.042,260.421,260.042,260.242
2017-11-27,260.266,260.641,259.887,260.142
2017-11-28,260.594,262.769,260.544,262.704
2017-11-29,262.782,263.489,262.032,262.607
2017-11-30,263.393,265.774,263.393,264.758
2017-12-01,264.510,265.062,260.552,264.222
2017-12-04,265.719,266.519,263.903,263.944
2017-12-05,263.978,264.872,262.773,262.957
2017-12-06,262.624,263.441,262.475,262.927
2017-12-07,262.838,264.099,262.653,263.698
2017-12-08,264.621,265.165,264.410,265.150
2017-12-11,265.219,266.033,265.147,265.999
2017-12-12,266.173,266.972,265.978,266.411
2017-12-13,266.759,267.188,266.285,266.285
2017-12-14,266.587,266.809,265.201,265.201
2017-12-15,266.063,267.963,265.914,267.581
2017-12-18,268.592,269.497,268.592,269.016
2017-12-19,269.271,269.444,268.074,268.147
2017-12-20,268.818,269.101,267.611,267.925
2017-12-21,268.302,269.264,268.240,268.457
2017-12-22,268.422,268.535,267.813,268.334
2017-12-26,267.909,268.274,267.796,268.050
2017-12-27,268.210,268.564,267.891,268.262
2017-12-28,268.610,268.766,268.269,268.754
2017-12-29,268.915,269.212,267.361,267.361
2018-01-02,268.373,269.589,268.236,269.581
2018-01-03,269.785,271.437,269.777,271.306
2018-01-04,271.931,272.929,271.907,272.399
2018-01-05,273.133,274.345,272.792,274.315
2018-01-08,274.267,274.851,273.760,274.771
2018-01-09,275.115,275.914,274.786,275.129
2018-01-10,274.555,275.080,273.606,274.823
2018-01-11,275.297,276.756,275.278,276.756
2018-01-12,277.018,278.785,276.964,278.624
2018-01-16,279.896,280.754,276.864,277.642
2018-01-17,278.499,280.704,277.838,280.256
2018-01-18,280.240,280.583,279.256,279.803
2018-01-19,280.260,281.033,279.808,281.030
2018-01-22,280.916,283.303,280.812,283.297
2018-01-23,283.505,284.224,283.059,283.913
2018-01-24,284.542,285.297,282.481,283.754
2018-01-25,284.624,284.856,283.094,283.925
2018-01-26,284.748,287.287,284.618,287.287
2018-01-29,286.723,287.062,285.148,285.353
2018-01-30,283.274,283.775,281.827,282.243
2018-01-31,283.241,283.926,281.304,282.381
2018-02-01,281.645,283.596,281.270,282.198
2018-02-02,280.892,280.892,275.997,276.213
2018-02-05,274.106,276.339,263.817,264.894
2018-02-06,261.478,270.104,259.307,269.514
2018-02-07,269.095,272.767,268.133,268.166
2018-02-08,268.501,268.527,258.056,258.100
2018-02-09,260.178,263.867,253.269,261.955
2018-02-12,263.675,267.261,262.245,265.600
2018-02-13,264.627,266.884,263.708,266.294
2018-02-14,265.121,270.210,264.887,269.863
2018-02-15,271.346,273.151,268.982,273.120
2018-02-16,272.714,275.442,272.511,273.222
2018-02-20,272.299,273.760,270.676,271.626
2018-02-21,272.053,274.775,270.129,270.133
2018-02-22,271.042,273.126,269.777,270.396
2018-02-23,271.580,274.776,271.374,274.730
2018-02-26,275.737,278.064,275.378,277.960
2018-02-27,278.045,278.915,274.422,274.428
2018-02-28,275.378,276.152,271.354,271.383
2018-03-01,271.522,273.089,265.965,267.767
2018-03-02,265.889,269.625,264.732,269.125
2018-03-05,268.106,272.809,267.575,272.094
2018-03-06,273.018,273.208,271.126,272.812
2018-03-07,271.018,273.060,270.174,272.680
2018-03-08,273.275,274.045,272.265,273.897
2018-03-09,275.291,278.657,275.154,278.657
2018-03-12,279.054,279.698,277.926,278.302
2018-03-13,279.231,280.190,275.868,276.531
2018-03-14,277.406,277.711,274.438,274.948
2018-03-15,275.427,276.303,274.147,274.733
2018-03-16,275.057,276.185,274.997,275.201
2018-03-19,274.138,274.138,269.459,271.292
2018-03-20,271.505,272.422,271.005,271.694
2018-03-21,271.499,273.914,270.979,271.193
2018-03-22,269.136,269.568,264.159,264.369
2018-03-23,264.671,265.767,258.589,258.826
2018-03-26,261.935,266.136,260.181,265.855
2018-03-27,266.757,267.478,259.612,261.262
2018-03-28,261.130,263.265,259.306,260.500
2018-03-29,261.441,265.907,260.972,264.087
2018-04-02,263.345,263.830,255.380,258.188
2018-04-03,259.217,261.914,257.549,261.445
2018-04-04,258.404,264.986,257.361,264.469
2018-04-05,265.736,267.208,264.958,266.284
2018-04-06,264.582,265.688,258.627,260.447
2018-04-09,261.718,265.355,261.079,261.316
2018-04-10,263.841,266.545,263.578,265.687
2018-04-11,264.389,266.143,263.925,264.219
2018-04-12,265.383,267.472,265.383,266.399
2018-04-13,267.690,268.026,264.505,265.630
2018-04-16,267.010,268.649,266.516,267.784
2018-04-17,269.274,271.334,269.205,270.639
2018-04-18,271.011,271.749,270.363,270.864
2018-04-19,270.116,270.284,268.190,269.313
2018-04-20,269.256,269.394,266.061,267.014
2018-04-23,267.540,268.286,265.799,267.029
2018-04-24,268.080,268.355,261.732,263.456
2018-04-25,263.492,264.530,261.267,263.940
2018-04-26,265.165,267.648,264.716,266.694
2018-04-27,267.547,267.735,265.901,266.991
2018-04-30,268.251,268.287,264.804,264.805
2018-05-01,264.296,265.527,262.541,265.480
2018-05-02,265.424,266.087,263.170,263.567
2018-05-03,262.808,263.714,259.462,262.973
2018-05-04,262.145,267.093,261.532,266.342
2018-05-07,268.034,268.335,266.470,267.263
2018-05-08,267.026,267.634,265.520,267.192
2018-05-09,267.812,270.127,267.414,269.779
2018-05-10,270.502,272.611,270.454,272.307
2018-05-11,272.270,273.286,271.745,272.772
2018-05-14,273.847,274.210,272.547,273.013
2018-05-15,271.859,271.859,270.191,271.145
2018-05-16,271.262,272.776,271.217,272.246
2018-05-17,271.971,273.196,271.136,272.013
2018-05-18,271.735,271.950,270.918,271.297
2018-05-21,273.539,273.919,272.570,273.301
2018-05-22,273.834,274.224,272.188,272.444
2018-05-23,271.398,273.333,270.954,273.329
2018-05-24,273.094,273.197,270.738,272.776
2018-05-25,272.360,272.736,271.499,272.133
2018-05-29,270.511,271.067,267.681,268.986
2018-05-30,270.243,272.934,270.243,272.401
2018-05-31,272.098,272.250,270.068,270.527
2018-06-01,271.870,273.693,271.870,273.462
2018-06-04,274.167,274.916,274.054,274.687
2018-06-05,274.846,275.261,273.951,274.880
2018-06-06,275.325,277.239,274.846,277.235
2018-06-07,277.484,277.990,276.016,277.037
2018-06-08,276.584,277.939,276.359,277.903
2018-06-11,278.018,279.021,278.017,278.200
2018-06-12,278.560,278.980,277.878,278.685
2018-06-13,278.794,279.147,277.465,277.563
2018-06-14,278.321,278.906,277.652,278.249
2018-06-15,277.778,278.281,276.173,277.966
2018-06-18,276.579,277.499,275.712,277.375
2018-06-19,275.201,276.505,274.319,276.259
2018-06-20,276.973,277.486,276.391,276.732
2018-06-21,276.928,276.928,274.439,274.976
2018-06-22,276.079,276.417,275.268,275.488
2018-06-25,274.294,274.294,269.867,271.707
2018-06-26,272.212,273.291,271.560,272.306
2018-06-27,272.845,274.609,269.938,269.963
2018-06-28,269.869,272.434,269.199,271.631
2018-06-29,272.713,274.326,271.803,271.837
2018-07-02,270.495,272.726,269.895,272.671
2018-07-03,273.327,273.658,271.116,271.322
2018-07-05,272.419,273.783,271.602,273.661
2018-07-06,273.768,276.441,273.352,275.982
2018-07-09,277.562,278.465,277.073,278.417
2018-07-10,278.856,279.558,278.624,279.384
2018-07-11,277.982,278.591,277.077,277.402
2018-07-12,278.314,279.922,278.153,279.829
2018-07-13,279.693,280.453,279.169,280.131
2018-07-16,279.736,280.119,279.339,279.843
2018-07-17,278.934,281.419,278.924,280.955
2018-07-18,281.135,281.676,280.589,281.562
2018-07-19,280.937,281.205,279.977,280.449
2018-07-20,280.455,280.970,280.001,280.183
2018-07-23,279.917,280.861,279.514,280.698
2018-07-24,282.068,282.999,281.112,282.040
2018-07-25,281.773,284.803,281.773,284.607
2018-07-26,283.549,284.557,283.526,283.744
2018-07-27,284.235,284.317,280.834,281.882
2018-07-30,281.900,282.174,279.811,280.260
2018-07-31,280.973,282.446,280.806,281.629
2018-08-01,282.117,282.583,280.585,281.336
2018-08-02,280.048,282.991,279.634,282.722
2018-08-03,282.962,284.038,282.737,284.035
2018-08-06,284.029,285.329,283.598,285.040
2018-08-07,285.592,286.343,285.592,285.845
2018-08-08,285.679,286.244,285.309,285.770
2018-08-09,285.719,286.248,285.198,285.358
2018-08-10,283.890,284.220,282.581,283.328
2018-08-13,283.546,284.340,281.988,282.193
2018-08-14,282.788,284.311,282.658,283.996
2018-08-15,282.795,282.795,280.249,281.837
2018-08-16,283.144,285.049,283.144,284.069
2018-08-17,283.832,285.563,283.373,285.013
2018-08-20,285.393,285.976,285.062,285.705
2018-08-21,286.151,287.323,286.132,286.296
2018-08-22,286.099,286.754,285.605,286.182
2018-08-23,286.029,286.878,285.403,285.698
2018-08-24,286.235,287.616,286.235,287.469
2018-08-27,288.469,289.825,288.469,289.674
2018-08-28,290.145,290.377,289.350,289.752
2018-08-29,290.062,291.650,289.840,291.404
2018-08-30,290.894,291.246,289.522,290.113
2018-08-31,289.837,290.632,289.173,290.152
2018-09-04,289.696,290.018,288.513,289.672
2018-09-05,289.159,289.421,287.692,288.860
2018-09-06,288.864,289.205,286.729,287.805
2018-09-07,286.826,288.381,286.412,287.168
2018-09-10,288.139,288.693,287.594,287.713
2018-09-11,287.157,289.252,286.678,288.789
2018-09-12,288.829,289.465,287.920,288.892
2018-09-13,289.685,290.676,289.639,290.418
2018-09-14,290.638,290.830,289.577,290.498
2018-09-17,290.383,290.465,288.616,288.880
2018-09-18,289.074,291.117,289.043,290.431
2018-09-19,290.660,291.236,290.382,290.795
2018-09-20,291.973,293.480,291.973,293.075
2018-09-21,293.676,294.091,292.711,292.967
2018-09-24,292.183,292.379,291.263,291.937
2018-09-25,292.175,292.395,291.370,291.556
2018-09-26,291.698,293.115,290.328,290.597
2018-09-27,291.165,292.722,290.927,291.400
2018-09-28,291.003,292.053,290.750,291.398
2018-10-01,292.629,293.706,291.791,292.459
2018-10-02,292.380,293.142,291.937,292.343
2018-10-03,293.169,293.986,292.136,292.551
2018-10-04,291.935,291.978,288.392,290.161
2018-10-05,290.254,290.964,286.929,288.557
2018-10-08,287.753,288.945,286.208,288.443
2018-10-09,288.251,289.483,287.427,288.034
2018-10-10,287.390,287.402,278.486,278.568
2018-10-11,277.687,279.514,271.051,272.837
2018-10-12,277.054,277.577,272.944,276.713
2018-10-15,276.383,277.599,274.903,275.079
2018-10-16,276.705,281.346,276.691,280.992
2018-10-17,281.167,281.694,278.181,280.921
2018-10-18,280.200,280.604,275.518,276.878
2018-10-19,277.566,279.777,276.027,276.778
2018-10-22,277.394,277.894,274.922,275.588
2018-10-23,272.103,275.359,269.143,274.069
2018-10-24,273.787,274.259,265.189,265.610
2018-10-25,267.488,272.270,266.784,270.557
2018-10-26,266.786,269.238,262.816,265.869
2018-10-29,268.265,270.685,260.354,264.125
2018-10-30,264.068,268.543,263.534,268.263
2018-10-31,270.560,273.669,270.560,271.174
2018-11-01,271.758,274.167,270.885,274.037
2018-11-02,274.545,275.655,270.044,272.306
2018-11-05,272.637,274.427,271.794,273.831
2018-11-06,273.840,275.682,273.708,275.545
2018-11-07,277.413,281.515,277.413,281.389
2018-11-08,280.638,281.475,279.499,280.683
2018-11-09,279.410,279.410,276.424,278.101
2018-11-12,277.393,277.599,272.200,272.622
2018-11-13,273.005,275.460,271.498,272.218
2018-11-14,273.790,274.680,268.575,270.158
2018-11-15,269.352,273.538,267.075,273.020
2018-11-16,271.854,274.675,271.216,273.627
2018-11-19,273.074,273.316,268.109,269.073
2018-11-20,265.460,266.944,263.152,264.189
2018-11-21,265.774,267.073,264.982,264.993
2018-11-23,263.336,264.755,263.109,263.256
2018-11-26,264.997,267.435,264.997,267.345
2018-11-27,266.375,268.253,265.589,268.217
2018-11-28,269.145,274.400,268.438,274.379
2018-11-29,273.697,275.375,272.294,273.780
2018-11-30,273.776,276.088,273.276,276.017
2018-12-03,279.050,280.018,277.338,279.037
2018-12-04,278.243,278.593,269.718,270.006
2018-12-06,266.351,269.615,262.153,269.595
2018-12-07,269.126,270.854,262.314,263.308
2018-12-10,263.086,264.751,258.323,263.772
2018-12-11,266.444,267.435,262.130,263.678
2018-12-12,265.823,268.544,265.026,265.107
2018-12-13,265.870,267.019,263.727,265.054
2018-12-14,262.968,263.507,259.384,259.995
2018-12-17,259.075,260.113,253.054,254.594
2018-12-18,255.990,257.399,252.871,254.616
2018-12-19,254.705,258.529,248.896,250.696
2018-12-20,249.677,250.963,244.118,246.742
2018-12-21,246.538,250.441,240.855,241.662
2018-12-24,240.056,241.034,235.110,235.110
2018-12-26,236.312,246.776,234.658,246.770
2018-12-27,244.250,248.910,239.794,248.883
2018-12-28,249.877,252.027,247.289,248.574
2018-12-31,249.894,250.924,248.282,250.685
